{"id": 126126789.56656505, "loan_amnt": 15609.509401834594, "funded_amnt": 15609.500247175787, "funded_amnt_inv": 15605.648707365917, "term": 3.58649626795076, "int_rate": 12.89234261615737, "installment": 458.491033881392, "grade": 2.244899329268665, "emp_length": 6.0580990249271185, "home_ownership": 2.2754514772567758, "annual_inc": 81992.13675584827, "verification_status": 0.6012103476125668, "purpose": 2.6502177791611485, "dti": 19.786353114516665, "delinq_2yrs": 0.2721471540200141, "fico_range_low": 703.416015160115, "fico_range_high": 707.4162709819694, "inq_last_6mths": 0.47661442408041454, "open_acc": 11.782929307724702, "pub_rec": 0.16779268969978822, "revol_bal": 16717.66351288671, "revol_util": 45.889816510121996, "total_acc": 23.550063777456348, "initial_list_status": 1.1597716828093816, "last_fico_range_high": 696.4531962982628, "last_fico_range_low": 685.511951407071, "collections_12_mths_ex_med": 0.017730031146183624, "acc_now_delinq": 0.002377668328745832, "tot_coll_amt": 217.3985490882977, "tot_cur_bal": 147067.94796339358, "open_act_il": 2.83832516534331, "total_bal_il": 36986.60030963091, "max_bal_bc": 6023.031718858394, "all_util": 56.02095857415172, "total_rev_hi_lim": 38102.651008639965, "inq_fi": 1.0973592878082323, "total_cu_tl": 1.5210135021045543, "inq_last_12m": 2.002936102515904, "acc_open_past_24mths": 4.525790708224749, "avg_cur_bal": 13689.079950686904, "bc_open_to_buy": 14450.186074543335, "chargeoff_within_12_mths": 0.007220482837049107, "delinq_amnt": 8.170686070474598, "mort_acc": 1.407715444723153, "num_accts_ever_120_pd": 0.5004480696893315, "num_actv_bc_tl": 3.692541801189292, "num_actv_rev_tl": 5.4651777122711085, "num_bc_sats": 4.875294220562178, "num_bc_tl": 7.333792592050094, "num_il_tl": 8.61522714742866, "num_op_rev_tl": 8.298372199945886, "num_rev_accts": 13.307530418896842, "num_rev_tl_bal_gt_0": 5.4787352533704405, "num_sats": 11.763409032189815, "num_tl_120dpd_2m": 0.000382461301222859, "num_tl_30dpd": 0.001561886510711968, "num_tl_90g_dpd_24m": 0.06816355509985698, "num_tl_op_past_12m": 2.078987921953482, "pct_tl_nvr_dlq": 94.38491714016598, "percent_bc_gt_75": 35.48418461488383, "pub_rec_bankruptcies": 0.12375064336907719, "tax_liens": 0.031214843567224693, "tot_hi_cred_lim": 187743.50035347155, "total_bal_ex_mort": 54178.55382837659, "total_bc_limit": 26509.969642134216, "total_il_high_credit_limit": 47506.640103915546}